{"stats":{"minecraft:custom":{"minecraft:jump":2,"minecraft:time_since_rest":13900,"enigmaticlegacy:play_time_with_seven_curses":0,"minecraft:crouch_one_cm":33,"minecraft:sprint_one_cm":69,"minecraft:play_time":13900,"minecraft:time_since_death":13900,"minecraft:walk_one_cm":21110,"minecraft:sneak_time":31,"enigmaticlegacy:play_time_without_seven_curses":13900,"minecraft:total_world_time":13900,"minecraft:fly_one_cm":94},"minecraft:picked_up":{"minecraft:rotten_flesh":2,"farmersdelight:flint_knife":1,"sophisticatedbackpacks:backpack":1}},"DataVersion":3120}