{"stats":{"minecraft:killed_by":{"minecraft:player":1},"minecraft:used":{"farmersdelight:ratatouille":3,"minecraft:stone_pickaxe":17,"minecraft:iron_pickaxe":6,"minecraft:wooden_pickaxe":22,"minecraft:stone_axe":1,"minecraft:torch":2,"farmersdelight:flint_knife":48,"minecraft:crafting_table":3,"minecraft:cobbled_deepslate":3},"minecraft:killed":{"whisperwoods:zotzpyre":2,"minecraft:zombie":1},"minecraft:custom":{"minecraft:time_since_rest":15561,"enigmaticlegacy:play_time_with_seven_curses":0,"lootr:looted_stat":6,"minecraft:sprint_one_cm":55705,"minecraft:damage_taken":1888,"minecraft:walk_one_cm":56227,"minecraft:mob_kills":3,"minecraft:drop":4,"minecraft:damage_dealt":936,"enigmaticlegacy:play_time_without_seven_curses":43036,"minecraft:swim_one_cm":6745,"minecraft:interact_with_crafting_table":4,"minecraft:fly_one_cm":17247,"goblintraders:trade_with_goblin":4,"minecraft:crouch_one_cm":123,"minecraft:play_time":43551,"minecraft:deaths":2,"minecraft:sneak_time":100,"minecraft:walk_under_water_one_cm":19671,"minecraft:jump":393,"minecraft:damage_dealt_resisted":0,"minecraft:leave_game":1,"minecraft:time_since_death":15095,"minecraft:walk_on_water_one_cm":18187,"minecraft:total_world_time":43551,"minecraft:climb_one_cm":670,"minecraft:fall_one_cm":18263},"minecraft:dropped":{"immersive_armors:wooden_leggings":1,"immersive_armors:wooden_boots":1,"immersive_armors:wooden_chestplate":1,"immersive_armors:wooden_helmet":1},"minecraft:picked_up":{"minecraft:crafting_table":2,"minecraft:raw_iron":4,"apotheosis:gem":1,"minecraft:clay_ball":88,"minecraft:big_dripleaf":4,"minecraft:torch":2,"sophisticatedbackpacks:backpack":1,"farmersdelight:flint_knife":1,"minecraft:moss_carpet":1,"forbidden_arcanus:arcane_crystal":1,"atmospheric:aspen_log":4,"immersive_armors:wooden_helmet":1,"minecraft:rotten_flesh":4,"supplementaries:bomb":2,"minecraft:wheat_seeds":1,"minecraft:cobbled_deepslate":17,"minecraft:raw_gold":2,"immersive_armors:wooden_chestplate":1,"immersive_armors:wooden_leggings":1,"supplementaries:ash":6,"galosphere:raw_silver":2,"twigs:rhyolite":1,"minecraft:glow_berries":1,"immersive_armors:wooden_boots":1},"minecraft:crafted":{"minecraft:crafting_table":1,"minecraft:wooden_pickaxe":1,"minecraft:iron_ingot":8,"minecraft:iron_pickaxe":1,"minecraft:stone_pickaxe":1,"atmospheric:aspen_planks":16,"minecraft:stone_axe":1,"minecraft:air":0},"minecraft:mined":{"supplementaries:urn":2,"forbidden_arcanus:deepslate_arcane_crystal_ore":1,"forbidden_arcanus:xpetrified_ore":1,"minecraft:iron_ore":1,"minecraft:cobbled_deepslate":3,"minecraft:fire":1,"galosphere:deepslate_silver_ore":2,"minecraft:cave_vines_plant":1,"minecraft:clay":24,"minecraft:crafting_table":2,"minecraft:cave_vines":1,"minecraft:grass":3,"minecraft:deepslate_iron_ore":3,"minecraft:tall_grass":3,"minecraft:deepslate_gold_ore":1,"minecraft:gold_ore":1,"atmospheric:golden_growths":1,"atmospheric:aspen_log":4,"minecraft:deepslate":14,"minecraft:big_dripleaf":1}},"DataVersion":3120}