{"stats":{"minecraft:killed_by":{"minecraft:player":1},"minecraft:used":{"farmersdelight:ratatouille":3,"minecraft:wooden_pickaxe":19,"minecraft:torch":2,"farmersdelight:flint_knife":33,"minecraft:crafting_table":1},"minecraft:killed":{"whisperwoods:zotzpyre":1,"minecraft:zombie":1},"minecraft:custom":{"minecraft:time_since_rest":3910,"enigmaticlegacy:play_time_with_seven_curses":0,"lootr:looted_stat":6,"minecraft:sprint_one_cm":41653,"minecraft:damage_taken":1840,"minecraft:walk_one_cm":41541,"minecraft:mob_kills":2,"minecraft:damage_dealt":666,"enigmaticlegacy:play_time_without_seven_curses":31385,"minecraft:swim_one_cm":4680,"minecraft:interact_with_crafting_table":1,"minecraft:fly_one_cm":6459,"minecraft:crouch_one_cm":123,"minecraft:play_time":31900,"minecraft:deaths":2,"minecraft:sneak_time":72,"minecraft:walk_under_water_one_cm":14557,"minecraft:jump":200,"minecraft:damage_dealt_resisted":0,"minecraft:walk_on_water_one_cm":7515,"minecraft:time_since_death":3444,"minecraft:total_world_time":31900,"minecraft:climb_one_cm":18,"minecraft:fall_one_cm":13964},"minecraft:picked_up":{"apotheosis:gem":1,"minecraft:crafting_table":1,"minecraft:clay_ball":56,"minecraft:big_dripleaf":4,"minecraft:torch":2,"sophisticatedbackpacks:backpack":1,"farmersdelight:flint_knife":1,"atmospheric:aspen_log":4,"minecraft:rotten_flesh":4,"minecraft:wheat_seeds":1,"minecraft:cobbled_deepslate":10},"minecraft:crafted":{"minecraft:crafting_table":1,"minecraft:wooden_pickaxe":1,"atmospheric:aspen_planks":16},"minecraft:mined":{"minecraft:fire":1,"minecraft:clay":17,"minecraft:crafting_table":1,"minecraft:grass":2,"atmospheric:golden_growths":1,"atmospheric:aspen_log":4,"minecraft:deepslate":10,"minecraft:big_dripleaf":1}},"DataVersion":3120}