{"stats":{"minecraft:used":{"blue_skies:bag_of_spoils":1,"minecraft:spruce_stairs":1,"minecraft:stone_bricks":1},"minecraft:custom":{"minecraft:time_since_rest":1586,"enigmaticlegacy:play_time_with_seven_curses":0,"minecraft:crouch_one_cm":295,"minecraft:play_time":5070,"lootr:looted_stat":1,"minecraft:sprint_one_cm":2667,"minecraft:walk_one_cm":22439,"minecraft:damage_taken":312,"minecraft:deaths":1,"minecraft:sneak_time":62,"minecraft:jump":32,"minecraft:open_bag_of_spoils":1,"minecraft:time_since_death":1558,"enigmaticlegacy:play_time_without_seven_curses":5042,"minecraft:total_world_time":5070,"minecraft:talked_to_villager":1,"minecraft:fall_one_cm":3470,"minecraft:fly_one_cm":5298},"minecraft:picked_up":{"minecraft:book":3,"blue_skies:bag_of_spoils":1,"minecraft:stone_bricks":36,"minecraft:spruce_stairs":1,"minecraft:spruce_planks":21,"minecraft:stone_brick_stairs":8,"minecraft:cobblestone_wall":8,"minecraft:lantern":1},"minecraft:mined":{"atmospheric:aspen_leaves":1,"blue_skies:bag_of_spoils":1}},"DataVersion":3120}