{"stats":{"minecraft:killed":{"minecraft:zombie":1},"minecraft:used":{"farmersdelight:ratatouille":2,"farmersdelight:iron_knife":1,"minecraft:stone_sword":1,"minecraft:iron_axe":6,"minecraft:stone_pickaxe":2,"minecraft:stone_bricks":1,"minecraft:wooden_sword":5,"blue_skies:bag_of_spoils":1,"minecraft:spruce_stairs":1},"minecraft:custom":{"minecraft:time_since_rest":25586,"enigmaticlegacy:play_time_with_seven_curses":0,"minecraft:waystone_activated":1,"lootr:looted_stat":43,"minecraft:sprint_one_cm":12053,"minecraft:damage_taken":372,"minecraft:walk_one_cm":179156,"minecraft:mob_kills":1,"minecraft:drop":9,"minecraft:damage_dealt":220,"enigmaticlegacy:play_time_without_seven_curses":29042,"minecraft:talked_to_villager":1,"minecraft:interact_with_crafting_table":2,"minecraft:fly_one_cm":26312,"minecraft:crouch_one_cm":295,"minecraft:play_time":29070,"minecraft:deaths":1,"minecraft:sneak_time":65,"minecraft:jump":167,"minecraft:open_bag_of_spoils":1,"minecraft:time_since_death":25558,"minecraft:climb_one_cm":218,"minecraft:total_world_time":29070,"minecraft:interact_with_smoker":1,"minecraft:fall_one_cm":8592},"minecraft:dropped":{"minecraft:cobblestone_wall":6,"minecraft:iron_bars":3},"minecraft:picked_up":{"minecraft:book":3,"blue_skies:bag_of_spoils":1,"minecraft:spruce_stairs":1,"sophisticatedbackpacks:backpack":1,"minecraft:stone_brick_stairs":8,"minecraft:oak_log":6,"minecraft:cobblestone_wall":14,"aether:leather_gloves":1,"minecraft:lantern":1,"minecraft:dark_oak_planks":2,"minecraft:stone_bricks":36,"minecraft:spruce_planks":21,"minecraft:iron_bars":3,"minecraft:furnace":2},"minecraft:crafted":{"minecraft:oak_planks":24,"minecraft:diamond_pickaxe":1,"minecraft:stick":48},"minecraft:mined":{"minecraft:furnace":2,"atmospheric:aspen_leaves":1,"minecraft:oak_log":6,"blue_skies:bag_of_spoils":1,"minecraft:dark_oak_planks":2}},"DataVersion":3120}