{"stats":{"minecraft:killed":{"minecraft:zombie":1},"minecraft:used":{"farmersdelight:iron_knife":1,"farmersdelight:ratatouille":1,"minecraft:wooden_sword":5,"minecraft:stone_sword":1,"blue_skies:bag_of_spoils":1,"minecraft:spruce_stairs":1,"minecraft:stone_bricks":1},"minecraft:custom":{"minecraft:time_since_rest":13586,"enigmaticlegacy:play_time_with_seven_curses":0,"minecraft:crouch_one_cm":295,"minecraft:play_time":17070,"lootr:looted_stat":40,"minecraft:sprint_one_cm":7388,"minecraft:walk_one_cm":96766,"minecraft:damage_taken":352,"minecraft:deaths":1,"minecraft:sneak_time":65,"minecraft:mob_kills":1,"minecraft:drop":9,"minecraft:jump":86,"minecraft:open_bag_of_spoils":1,"minecraft:damage_dealt":220,"minecraft:time_since_death":13558,"minecraft:interact_with_smoker":1,"enigmaticlegacy:play_time_without_seven_curses":17042,"minecraft:total_world_time":17070,"minecraft:talked_to_villager":1,"minecraft:fall_one_cm":4609,"minecraft:fly_one_cm":11091},"minecraft:dropped":{"minecraft:iron_bars":3,"minecraft:cobblestone_wall":6},"minecraft:picked_up":{"minecraft:book":3,"blue_skies:bag_of_spoils":1,"minecraft:stone_bricks":36,"minecraft:spruce_stairs":1,"minecraft:spruce_planks":21,"minecraft:stone_brick_stairs":8,"minecraft:cobblestone_wall":14,"minecraft:dark_oak_planks":2,"minecraft:iron_bars":3,"minecraft:lantern":1},"minecraft:mined":{"atmospheric:aspen_leaves":1,"blue_skies:bag_of_spoils":1,"minecraft:dark_oak_planks":2}},"DataVersion":3120}