{"stats":{"minecraft:killed":{"minecraft:creeper":2,"whisperwoods:zotzpyre":1,"minecraft:skeleton":1,"alexsmobs:flutter":1,"minecraft:zombie":6,"enemyexpansion:botfly":3,"alexsmobs:fly":1,"minecraft:tropical_fish":1,"minecraft:enderman":1},"minecraft:killed_by":{"minecraft:player":1,"minecraft:skeleton":1},"minecraft:used":{"farmersdelight:iron_knife":1,"minecraft:stone_sword":13,"farmersdelight:diamond_knife":58,"minecraft:stone_pickaxe":2,"undead_unleashed:grave_metal_sword":8,"minecraft:crafting_table":1,"minecraft:red_bed":2,"minecraft:spruce_stairs":1,"farmersdelight:bacon_and_eggs":1,"farmersdelight:ratatouille":6,"minecraft:diamond_pickaxe":69,"minecraft:iron_axe":7,"minecraft:stone_bricks":4,"minecraft:soul_lantern":1,"minecraft:wooden_sword":5,"blue_skies:bag_of_spoils":1,"minecraft:furnace":2},"minecraft:custom":{"enigmaticlegacy:play_time_with_seven_curses":0,"lootr:looted_stat":43,"minecraft:interact_with_furnace":12,"minecraft:mob_kills":16,"enigmaticlegacy:play_time_without_seven_curses":70887,"minecraft:interact_with_crafting_table":9,"goblintraders:trade_with_goblin":6,"minecraft:time_since_death":20620,"minecraft:sleep_in_bed":2,"minecraft:damage_resisted":0,"minecraft:climb_one_cm":455,"minecraft:time_since_rest":20653,"minecraft:waystone_activated":1,"minecraft:sprint_one_cm":34650,"minecraft:damage_taken":1567,"minecraft:walk_one_cm":410102,"minecraft:drop":11,"minecraft:damage_dealt":4658,"minecraft:swim_one_cm":3520,"minecraft:talked_to_villager":1,"minecraft:fly_one_cm":70556,"minecraft:crouch_one_cm":8293,"minecraft:play_time":71070,"minecraft:deaths":3,"minecraft:sneak_time":1823,"minecraft:walk_under_water_one_cm":2491,"minecraft:jump":583,"minecraft:open_bag_of_spoils":1,"minecraft:walk_on_water_one_cm":2614,"minecraft:interact_with_smoker":1,"minecraft:total_world_time":71070,"minecraft:fall_one_cm":22172},"minecraft:dropped":{"minecraft:cobblestone_wall":6,"sophisticatedbackpacks:backpack":1,"supplementaries:wrench":1,"minecraft:iron_bars":3},"minecraft:picked_up":{"minecraft:crafting_table":1,"byg:soapstone":1,"minecraft:stone_brick_stairs":8,"minecraft:oak_log":6,"minecraft:cobblestone_wall":14,"aether:leather_gloves":1,"minecraft:lapis_lazuli":14,"forbidden_arcanus:xpetrified_orb":4,"minecraft:moss_carpet":1,"minecraft:red_bed":2,"minecraft:lantern":1,"supplementaries:wrench":1,"atmospheric:aspen_log":1,"minecraft:bone":4,"minecraft:stone_bricks":36,"minecraft:wheat_seeds":1,"minecraft:cobbled_deepslate":1,"minecraft:raw_gold":12,"minecraft:spruce_planks":21,"undead_unleashed:grave_metal_sword":1,"minecraft:iron_nugget":20,"minecraft:moss_block":5,"apotheosis:gem_dust":1,"minecraft:furnace":4,"minecraft:book":3,"blue_skies:bag_of_spoils":1,"minecraft:raw_iron":28,"apotheosis:gem":1,"minecraft:spruce_stairs":1,"sophisticatedbackpacks:backpack":2,"undead_unleashed:grave_metal_scrap":2,"sons_of_sins:flesh_of_demise":1,"minecraft:dark_oak_planks":2,"forbidden_arcanus:arcane_crystal":4,"minecraft:rotten_flesh":5,"minecraft:tropical_fish":1,"minecraft:soul_lantern":1,"iter_rpg:abyssquartz_shard":2,"alexsmobs:maggot":2,"minecraft:glow_berries":1,"minecraft:coal":1,"minecraft:iron_bars":3,"minecraft:cobblestone":1},"minecraft:crafted":{"minecraft:oak_planks":24,"minecraft:crafting_table":1,"minecraft:air":0,"cisco_mod:adventurer_chestplate":1,"minecraft:iron_chestplate":1,"minecraft:diamond_pickaxe":1,"minecraft:stick":48,"minecraft:iron_ingot":16,"minecraft:gold_ingot":18},"minecraft:mined":{"minecraft:dark_oak_planks":2,"minecraft:red_bed":1,"atmospheric:aspen_leaves":1,"minecraft:soul_lantern":1,"minecraft:crafting_table":1,"minecraft:cave_vines_plant":1,"minecraft:tall_grass":1,"minecraft:lapis_ore":2,"minecraft:deepslate_gold_ore":11,"minecraft:moss_block":5,"blue_skies:bag_of_spoils":1,"forbidden_arcanus:arcane_crystal_ore":2,"supplementaries:urn":1,"byg:soapstone":1,"forbidden_arcanus:deepslate_arcane_crystal_ore":2,"minecraft:furnace":4,"forbidden_arcanus:xpetrified_ore":4,"minecraft:iron_ore":14,"iter_rpg:abyss_quartz":1,"minecraft:grass":3,"minecraft:coal_ore":1,"minecraft:oak_log":6,"minecraft:deepslate_iron_ore":14,"twigs:rhyolite":1,"minecraft:stone":2,"atmospheric:golden_growths":1,"minecraft:gold_ore":1,"minecraft:deepslate":1}},"DataVersion":3120}