{"stats":{"minecraft:killed":{"minecraft:creeper":2,"whisperwoods:zotzpyre":1,"minecraft:skeleton":1,"alexsmobs:flutter":1,"minecraft:zombie":5,"enemyexpansion:botfly":3,"alexsmobs:fly":1,"minecraft:tropical_fish":1,"minecraft:enderman":1},"minecraft:killed_by":{"minecraft:player":1,"minecraft:skeleton":1},"minecraft:used":{"farmersdelight:iron_knife":1,"minecraft:stone_sword":13,"farmersdelight:diamond_knife":58,"minecraft:stone_pickaxe":2,"undead_unleashed:grave_metal_sword":4,"minecraft:red_bed":2,"minecraft:spruce_stairs":1,"farmersdelight:bacon_and_eggs":1,"farmersdelight:ratatouille":5,"minecraft:diamond_pickaxe":27,"minecraft:iron_axe":6,"minecraft:stone_bricks":1,"minecraft:soul_lantern":1,"minecraft:wooden_sword":5,"blue_skies:bag_of_spoils":1},"minecraft:custom":{"enigmaticlegacy:play_time_with_seven_curses":0,"lootr:looted_stat":43,"minecraft:interact_with_furnace":1,"minecraft:mob_kills":15,"enigmaticlegacy:play_time_without_seven_curses":58887,"minecraft:interact_with_crafting_table":5,"minecraft:time_since_death":8620,"minecraft:sleep_in_bed":2,"minecraft:damage_resisted":0,"minecraft:climb_one_cm":455,"minecraft:time_since_rest":8653,"minecraft:waystone_activated":1,"minecraft:sprint_one_cm":31743,"minecraft:damage_taken":1484,"minecraft:walk_one_cm":366109,"minecraft:drop":11,"minecraft:damage_dealt":4418,"minecraft:swim_one_cm":3520,"minecraft:talked_to_villager":1,"minecraft:fly_one_cm":62673,"minecraft:crouch_one_cm":4625,"minecraft:play_time":59070,"minecraft:deaths":3,"minecraft:sneak_time":1201,"minecraft:walk_under_water_one_cm":1646,"minecraft:jump":424,"minecraft:open_bag_of_spoils":1,"minecraft:walk_on_water_one_cm":1135,"minecraft:interact_with_smoker":1,"minecraft:total_world_time":59070,"minecraft:fall_one_cm":17987},"minecraft:dropped":{"minecraft:cobblestone_wall":6,"sophisticatedbackpacks:backpack":1,"supplementaries:wrench":1,"minecraft:iron_bars":3},"minecraft:picked_up":{"byg:soapstone":1,"minecraft:stone_brick_stairs":8,"minecraft:oak_log":6,"minecraft:cobblestone_wall":14,"aether:leather_gloves":1,"forbidden_arcanus:xpetrified_orb":2,"minecraft:red_bed":2,"minecraft:lantern":1,"supplementaries:wrench":1,"atmospheric:aspen_log":1,"minecraft:bone":4,"minecraft:stone_bricks":36,"minecraft:raw_gold":1,"minecraft:spruce_planks":21,"undead_unleashed:grave_metal_sword":1,"minecraft:moss_block":2,"apotheosis:gem_dust":1,"minecraft:furnace":2,"minecraft:book":3,"blue_skies:bag_of_spoils":1,"minecraft:raw_iron":16,"minecraft:spruce_stairs":1,"sophisticatedbackpacks:backpack":2,"undead_unleashed:grave_metal_scrap":2,"sons_of_sins:flesh_of_demise":1,"minecraft:dark_oak_planks":2,"minecraft:rotten_flesh":5,"minecraft:tropical_fish":1,"minecraft:soul_lantern":1,"iter_rpg:abyssquartz_shard":2,"alexsmobs:maggot":2,"minecraft:iron_bars":3},"minecraft:crafted":{"minecraft:oak_planks":24,"minecraft:diamond_pickaxe":1,"minecraft:stick":48},"minecraft:mined":{"minecraft:dark_oak_planks":2,"minecraft:red_bed":1,"atmospheric:aspen_leaves":1,"minecraft:soul_lantern":1,"minecraft:cave_vines_plant":1,"minecraft:tall_grass":1,"minecraft:moss_block":2,"blue_skies:bag_of_spoils":1,"byg:soapstone":1,"minecraft:furnace":2,"forbidden_arcanus:xpetrified_ore":2,"minecraft:iron_ore":8,"iter_rpg:abyss_quartz":1,"minecraft:grass":2,"minecraft:oak_log":6,"minecraft:deepslate_iron_ore":8,"atmospheric:golden_growths":1,"minecraft:gold_ore":1}},"DataVersion":3120}