{"stats":{"minecraft:used":{"farmersdelight:bacon_and_eggs":2},"minecraft:custom":{"minecraft:jump":20,"minecraft:time_since_rest":2570,"enigmaticlegacy:play_time_with_seven_curses":0,"minecraft:sprint_one_cm":2504,"minecraft:deaths":2,"minecraft:leave_game":2,"minecraft:play_time":20827,"minecraft:damage_taken":540,"minecraft:time_since_death":2498,"minecraft:walk_one_cm":18976,"minecraft:sneak_time":4,"enigmaticlegacy:play_time_without_seven_curses":20695,"minecraft:total_world_time":20827,"minecraft:fall_one_cm":2019,"minecraft:fly_one_cm":1357},"minecraft:picked_up":{"minecraft:dirt":1},"minecraft:mined":{"atmospheric:crustose":1}},"DataVersion":3120}