{"stats":{"minecraft:killed":{"minecraft:skeleton":2,"minecraft:zombie":2,"sons_of_sins:betrayed_guzzler":1,"enemyexpansion:botfly":1},"minecraft:killed_by":{"minecraft:skeleton":1},"minecraft:used":{"minecraft:water_bucket":2,"minecraft:stone_pickaxe":116,"minecraft:wooden_pickaxe":20,"minecraft:deepslate_bricks":1,"minecraft:torch":8,"minecraft:crafting_table":4,"minecraft:red_bed":2,"minecraft:axolotl_bucket":1,"farmersdelight:bacon_and_eggs":2,"minecraft:apple":4,"minecraft:iron_axe":4,"supplementaries:wrench":5,"minecraft:iron_pickaxe":24,"minecraft:stone_axe":5,"minecraft:wooden_sword":1,"sons_of_sins:flesh_of_demise":1,"minecraft:furnace":2,"minecraft:bucket":5,"minecraft:andesite":9},"minecraft:custom":{"enigmaticlegacy:play_time_with_seven_curses":0,"minecraft:interact_with_furnace":13,"lootr:looted_stat":17,"minecraft:mob_kills":7,"enigmaticlegacy:play_time_without_seven_curses":74659,"minecraft:interact_with_crafting_table":12,"goblintraders:trade_with_goblin":7,"minecraft:bell_ring":2,"minecraft:leave_game":2,"minecraft:time_since_death":20668,"minecraft:sleep_in_bed":2,"minecraft:climb_one_cm":942,"minecraft:time_since_rest":20704,"minecraft:sprint_one_cm":34545,"minecraft:damage_taken":942,"minecraft:walk_one_cm":229683,"minecraft:drop":10,"minecraft:damage_dealt":216,"minecraft:talked_to_villager":1,"minecraft:fly_one_cm":36420,"minecraft:player_kills":2,"minecraft:crouch_one_cm":3061,"minecraft:play_time":74827,"minecraft:deaths":3,"minecraft:sneak_time":1148,"minecraft:walk_under_water_one_cm":2079,"minecraft:jump":365,"minecraft:walk_on_water_one_cm":7817,"minecraft:interact_with_smoker":1,"minecraft:total_world_time":74827,"minecraft:fall_one_cm":10639},"minecraft:dropped":{"minecraft:stone_axe":1,"aether:leather_gloves":1,"sophisticatedbackpacks:backpack":2,"undead_unleashed:grave_metal_scrap":1,"minecraft:dirt":1,"supplementaries:wrench":1,"delightful:acorn":1,"minecraft:iron_pickaxe":1,"twigs:twig":1},"minecraft:picked_up":{"minecraft:crafting_table":3,"byg:soapstone":1,"minecraft:clay_ball":12,"minecraft:andesite":17,"minecraft:dirt":1,"minecraft:red_bed":3,"minecraft:netherite_scrap":1,"supplementaries:wrench":1,"atmospheric:aspen_log":2,"minecraft:zombie_head":1,"minecraft:stone_bricks":1,"minecraft:cobbled_deepslate":3,"delightful:acorn":1,"minecraft:iron_ingot":5,"minecraft:iron_pickaxe":1,"twigs:twig":1,"minecraft:furnace":2,"minecraft:raw_iron":39,"minecraft:torch":4,"undead_unleashed:grave_metal_scrap":1,"minecraft:prismarine_crystals":4,"minecraft:dark_oak_log":41,"sons_of_sins:flesh_of_demise":1,"forbidden_arcanus:ender_pearl_fragment":2,"minecraft:arrow":2,"minecraft:rotten_flesh":5,"minecraft:stone_axe":1,"majruszsaccessories:lucky_rock":1,"minecraft:deepslate_bricks":1,"supplementaries:ash":6,"minecraft:coal":50,"minecraft:cobblestone":72},"minecraft:crafted":{"minecraft:crafting_table":2,"minecraft:wooden_pickaxe":1,"minecraft:furnace":1,"minecraft:bucket":2,"minecraft:stone_axe":1,"minecraft:air":0,"cisco_mod:adventurer_chestplate":1,"minecraft:iron_chestplate":1,"minecraft:iron_axe":1,"minecraft:stick":16,"minecraft:iron_pickaxe":1,"minecraft:iron_ingot":34,"minecraft:stone_pickaxe":1,"minecraft:dark_oak_planks":164,"minecraft:torch":24},"minecraft:mined":{"minecraft:red_bed":4,"minecraft:dark_oak_leaves":1,"minecraft:dark_oak_log":41,"minecraft:sea_lantern":2,"minecraft:clay":4,"minecraft:crafting_table":3,"minecraft:torch":1,"minecraft:deepslate_bricks":1,"minecraft:cobblestone":20,"atmospheric:crustose":1,"supplementaries:urn":2,"byg:soapstone":1,"minecraft:furnace":2,"minecraft:iron_ore":32,"minecraft:andesite":17,"minecraft:coal_ore":26,"minecraft:stone_bricks":1,"minecraft:stone":52,"minecraft:deepslate":3}},"DataVersion":3120}