{"stats":{"minecraft:killed":{"minecraft:skeleton":2,"minecraft:zombie":2,"sons_of_sins:betrayed_guzzler":1,"enemyexpansion:botfly":1},"minecraft:killed_by":{"minecraft:skeleton":1},"minecraft:used":{"minecraft:stone_pickaxe":116,"minecraft:wooden_pickaxe":20,"minecraft:deepslate_bricks":1,"minecraft:torch":4,"minecraft:crafting_table":2,"minecraft:red_bed":2,"farmersdelight:bacon_and_eggs":2,"minecraft:apple":2,"supplementaries:wrench":5,"minecraft:stone_axe":5,"minecraft:wooden_sword":1,"sons_of_sins:flesh_of_demise":1,"minecraft:furnace":1,"minecraft:andesite":9},"minecraft:custom":{"enigmaticlegacy:play_time_with_seven_curses":0,"minecraft:interact_with_furnace":2,"lootr:looted_stat":17,"minecraft:mob_kills":7,"enigmaticlegacy:play_time_without_seven_curses":62659,"minecraft:interact_with_crafting_table":6,"minecraft:bell_ring":2,"minecraft:leave_game":2,"minecraft:time_since_death":8668,"minecraft:sleep_in_bed":2,"minecraft:time_since_rest":8704,"minecraft:sprint_one_cm":28605,"minecraft:damage_taken":942,"minecraft:walk_one_cm":199706,"minecraft:drop":9,"minecraft:damage_dealt":216,"minecraft:talked_to_villager":1,"minecraft:fly_one_cm":25525,"minecraft:player_kills":2,"minecraft:crouch_one_cm":879,"minecraft:play_time":62827,"minecraft:deaths":3,"minecraft:sneak_time":746,"minecraft:walk_under_water_one_cm":1209,"minecraft:jump":236,"minecraft:walk_on_water_one_cm":2652,"minecraft:interact_with_smoker":1,"minecraft:total_world_time":62827,"minecraft:fall_one_cm":8905},"minecraft:dropped":{"minecraft:stone_axe":1,"aether:leather_gloves":1,"sophisticatedbackpacks:backpack":2,"undead_unleashed:grave_metal_scrap":1,"minecraft:dirt":1,"supplementaries:wrench":1,"delightful:acorn":1,"twigs:twig":1},"minecraft:picked_up":{"byg:soapstone":1,"minecraft:andesite":17,"minecraft:dirt":1,"minecraft:red_bed":3,"minecraft:netherite_scrap":1,"supplementaries:wrench":1,"atmospheric:aspen_log":2,"minecraft:zombie_head":1,"delightful:acorn":1,"twigs:twig":1,"minecraft:raw_iron":20,"minecraft:torch":2,"undead_unleashed:grave_metal_scrap":1,"minecraft:dark_oak_log":41,"sons_of_sins:flesh_of_demise":1,"forbidden_arcanus:ender_pearl_fragment":2,"minecraft:arrow":2,"minecraft:rotten_flesh":5,"minecraft:stone_axe":1,"majruszsaccessories:lucky_rock":1,"minecraft:deepslate_bricks":1,"supplementaries:ash":6,"minecraft:coal":26,"minecraft:cobblestone":69},"minecraft:crafted":{"minecraft:crafting_table":2,"minecraft:wooden_pickaxe":1,"minecraft:furnace":1,"minecraft:stone_axe":1,"minecraft:air":0,"minecraft:stick":8,"minecraft:iron_ingot":3,"minecraft:stone_pickaxe":1,"minecraft:dark_oak_planks":164,"minecraft:torch":8},"minecraft:mined":{"minecraft:red_bed":4,"minecraft:dark_oak_leaves":1,"minecraft:dark_oak_log":41,"minecraft:clay":1,"minecraft:torch":1,"minecraft:deepslate_bricks":1,"minecraft:cobblestone":20,"atmospheric:crustose":1,"supplementaries:urn":2,"byg:soapstone":1,"minecraft:iron_ore":20,"minecraft:andesite":17,"minecraft:coal_ore":26,"minecraft:stone":49}},"DataVersion":3120}