{"stats":{"minecraft:used":{"farmersdelight:bacon_and_eggs":2,"minecraft:wooden_sword":1,"minecraft:crafting_table":1,"minecraft:red_bed":2,"minecraft:wooden_pickaxe":20},"minecraft:custom":{"minecraft:time_since_rest":14570,"enigmaticlegacy:play_time_with_seven_curses":0,"minecraft:crouch_one_cm":90,"minecraft:play_time":32827,"lootr:looted_stat":13,"minecraft:sprint_one_cm":14146,"minecraft:walk_one_cm":85702,"minecraft:damage_taken":560,"minecraft:deaths":2,"minecraft:bell_ring":2,"minecraft:sneak_time":18,"minecraft:drop":4,"minecraft:jump":77,"minecraft:leave_game":2,"minecraft:time_since_death":14498,"minecraft:interact_with_smoker":1,"enigmaticlegacy:play_time_without_seven_curses":32695,"minecraft:total_world_time":32827,"minecraft:interact_with_crafting_table":2,"minecraft:talked_to_villager":1,"minecraft:fall_one_cm":3054,"minecraft:fly_one_cm":11270},"minecraft:dropped":{"delightful:acorn":1,"aether:leather_gloves":1,"sophisticatedbackpacks:backpack":1,"twigs:twig":1},"minecraft:picked_up":{"delightful:acorn":1,"minecraft:cobblestone":20,"twigs:twig":1,"minecraft:dark_oak_log":41,"minecraft:dirt":1,"minecraft:red_bed":3},"minecraft:crafted":{"minecraft:dark_oak_planks":164,"minecraft:crafting_table":1,"minecraft:stone_pickaxe":1,"minecraft:stick":8,"minecraft:wooden_pickaxe":1},"minecraft:mined":{"minecraft:red_bed":3,"minecraft:cobblestone":20,"atmospheric:crustose":1,"minecraft:dark_oak_log":41}},"DataVersion":3120}