{"stats":{"minecraft:used":{"farmersdelight:bacon_and_eggs":2,"minecraft:stone_pickaxe":2,"supplementaries:wrench":5,"minecraft:wooden_pickaxe":20,"minecraft:deepslate_bricks":1,"minecraft:wooden_sword":1,"minecraft:crafting_table":1,"minecraft:red_bed":2},"minecraft:custom":{"minecraft:time_since_rest":4957,"enigmaticlegacy:play_time_with_seven_curses":0,"lootr:looted_stat":15,"minecraft:sprint_one_cm":16581,"minecraft:damage_taken":560,"minecraft:walk_one_cm":127735,"minecraft:drop":6,"minecraft:damage_dealt":18,"enigmaticlegacy:play_time_without_seven_curses":44695,"minecraft:talked_to_villager":1,"minecraft:interact_with_crafting_table":4,"minecraft:fly_one_cm":12175,"minecraft:player_kills":1,"minecraft:crouch_one_cm":709,"minecraft:play_time":44827,"minecraft:deaths":2,"minecraft:sneak_time":687,"minecraft:bell_ring":2,"minecraft:jump":84,"minecraft:leave_game":2,"minecraft:time_since_death":26498,"minecraft:sleep_in_bed":2,"minecraft:total_world_time":44827,"minecraft:interact_with_smoker":1,"minecraft:fall_one_cm":3263},"minecraft:dropped":{"supplementaries:wrench":1,"delightful:acorn":1,"aether:leather_gloves":1,"sophisticatedbackpacks:backpack":2,"twigs:twig":1},"minecraft:picked_up":{"minecraft:red_bed":3,"minecraft:dark_oak_log":41,"minecraft:dirt":1,"supplementaries:wrench":1,"minecraft:deepslate_bricks":1,"delightful:acorn":1,"twigs:twig":1,"minecraft:cobblestone":20},"minecraft:crafted":{"minecraft:crafting_table":1,"minecraft:stick":8,"minecraft:wooden_pickaxe":1,"minecraft:stone_pickaxe":1,"minecraft:dark_oak_planks":164,"minecraft:stone_axe":1},"minecraft:mined":{"minecraft:red_bed":4,"minecraft:dark_oak_log":41,"minecraft:deepslate_bricks":1,"minecraft:cobblestone":20,"atmospheric:crustose":1}},"DataVersion":3120}